{"cameraMode":{"drawMode":0,"name":"Shaded","section":"Shading Mode"},"sceneLighting":false,"audioPlay":false,"sceneViewState":{"m_AlwaysRefresh":false,"showFog":true,"showSkybox":false,"showFlares":true,"showImageEffects":true,"showParticleSystems":true,"showVisualEffectGraphs":true,"m_FxEnabled":true},"in2DMode":false,"pivot":{"x":55.586116790771487,"y":22.288028717041017,"z":17.97810935974121},"rotation":{"x":-0.006007504649460316,"y":-0.24897436797618867,"z":0.001969536067917943,"w":-0.9682740569114685},"size":16.583126068115236,"orthographic":false}